{
  "l2": {
    "tau_energy": 1.563855402572433,
    "tau_w1": 24.398044769517412
  },
  "proj0": {
    "tau_energy": 1.0184046459679283,
    "tau_w1": 11.938277327296422
  },
  "proj1": {
    "tau_energy": 1.7126716819700059,
    "tau_w1": 30.59956045460971
  },
  "proj2": {
    "tau_energy": 1.3910611314135772,
    "tau_w1": 20.309922696854937
  },
  "proj3": {
    "tau_energy": 1.8312106447752994,
    "tau_w1": 32.905245760367045
  },
  "proj4": {
    "tau_energy": 1.7105444428630596,
    "tau_w1": 29.971922504090358
  },
  "proj5": {
    "tau_energy": 2.2768177781073233,
    "tau_w1": 50.33772727966938
  },
  "proj6": {
    "tau_energy": 1.2846527695508096,
    "tau_w1": 18.33659558107988
  },
  "proj7": {
    "tau_energy": 2.4163389120335594,
    "tau_w1": 56.0750054664036
  },
  "proj8": {
    "tau_energy": 1.5452789847378232,
    "tau_w1": 24.835444470038496
  },
  "proj9": {
    "tau_energy": 2.234750597026194,
    "tau_w1": 48.04273648400936
  },
  "meta": {
    "n0": 50,
    "n_add": 3,
    "pstar": 0.05660377358490566,
    "B": 500,
    "pctl": 99.0,
    "seed": 42
  }
}